<metadata xml:lang="en"><Esri><CreaDate>20210225</CreaDate><CreaTime>10474500</CreaTime><ArcGISFormat>1.0</ArcGISFormat><SyncOnce>FALSE</SyncOnce><DataProperties><lineage><Process ToolSource="c:\program files\arcgis\pro\Resources\ArcToolbox\toolboxes\Data Management Tools.tbx\CreateFeatureclass" Date="20210225" Time="104745">CreateFeatureclass E:\GitHub\Centers-Capacity-Tool\intermediate\process.gdb ParcelsDevCategory Polygon # No No "PROJCS['NAD_1983_UTM_Zone_12N',GEOGCS['GCS_North_American_1983',DATUM['D_North_American_1983',SPHEROID['GRS_1980',6378137.0,298.257222101]],PRIMEM['Greenwich',0.0],UNIT['Degree',0.0174532925199433]],PROJECTION['Transverse_Mercator'],PARAMETER['False_Easting',500000.0],PARAMETER['False_Northing',0.0],PARAMETER['Central_Meridian',-111.0],PARAMETER['Scale_Factor',0.9996],PARAMETER['Latitude_Of_Origin',0.0],UNIT['Meter',1.0]];-5120900 -9998100 10000;-100000 10000;-100000 10000;0.001;0.001;0.001;IsHighPrecision" # 0 0 0 #</Process><Process ToolSource="c:\program files\arcgis\pro\Resources\ArcToolbox\toolboxes\Conversion Tools.tbx\FeatureClassToFeatureClass" Date="20210804" Time="165218">FeatureClassToFeatureClass ParcelsDevCategory E:\GitHub\Centers-Capacity-Tool-byCity\intermediate ParcelsDevCategory.shp # "Shape_Length "Shape_Length" false true true 8 Double 0 0,First,#,ParcelsDevCategory,Shape_Length,-1,-1;Shape_Area "Shape_Area" false true true 8 Double 0 0,First,#,ParcelsDevCategory,Shape_Area,-1,-1;FID "FID" true true false 4 Long 0 0,First,#,ParcelsDevCategory,FID,-1,-1;Shape_Leng "Shape_Leng" true true false 8 Double 0 0,First,#,ParcelsDevCategory,Shape_Leng,-1,-1;FID_Analys "FID_Analys" true true false 4 Long 0 0,First,#,ParcelsDevCategory,FID_Analys,-1,-1;AreaID "AreaID" true true false 4 Long 0 0,First,#,ParcelsDevCategory,AreaID,-1,-1;ClassID "ClassID" true true false 4 Long 0 0,First,#,ParcelsDevCategory,ClassID,-1,-1;FID_Parcel "FID_Parcel" true true false 4 Long 0 0,First,#,ParcelsDevCategory,FID_Parcel,-1,-1;parcel_id "parcel_id" true true false 8 Double 0 0,First,#,ParcelsDevCategory,parcel_id,-1,-1;parcel_id_ "parcel_id_" true true false 8 Double 0 0,First,#,ParcelsDevCategory,parcel_id_,-1,-1;basebldg "basebldg" true true false 8 Double 0 0,First,#,ParcelsDevCategory,basebldg,-1,-1;parcel_sqf "parcel_sqf" true true false 8 Double 0 0,First,#,ParcelsDevCategory,parcel_sqf,-1,-1;parcel_acr "parcel_acr" true true false 8 Double 0 0,First,#,ParcelsDevCategory,parcel_acr,-1,-1;county_id "county_id" true true false 8 Double 0 0,First,#,ParcelsDevCategory,county_id,-1,-1;max_dua "max_dua" true true false 8 Double 0 0,First,#,ParcelsDevCategory,max_dua,-1,-1;max_far "max_far" true true false 8 Double 0 0,First,#,ParcelsDevCategory,max_far,-1,-1;max_height "max_height" true true false 8 Double 0 0,First,#,ParcelsDevCategory,max_height,-1,-1;luTypeEx "luTypeEx" true true false 26 Text 0 0,First,#,ParcelsDevCategory,luTypeEx,0,26;max_dua_ce "max_dua_ce" true true false 8 Double 0 0,First,#,ParcelsDevCategory,max_dua_ce,-1,-1;max_far_ce "max_far_ce" true true false 8 Double 0 0,First,#,ParcelsDevCategory,max_far_ce,-1,-1;bldgtype "bldgtype" true true false 22 Text 0 0,First,#,ParcelsDevCategory,bldgtype,0,22;yearbuilt "yearbuilt" true true false 8 Double 0 0,First,#,ParcelsDevCategory,yearbuilt,-1,-1;resunits "resunits" true true false 8 Double 0 0,First,#,ParcelsDevCategory,resunits,-1,-1;job_spaces "job_spaces" true true false 8 Double 0 0,First,#,ParcelsDevCategory,job_spaces,-1,-1;sf_res "sf_res" true true false 8 Double 0 0,First,#,ParcelsDevCategory,sf_res,-1,-1;sf_com "sf_com" true true false 8 Double 0 0,First,#,ParcelsDevCategory,sf_com,-1,-1;sfvalue_re "sfvalue_re" true true false 8 Double 0 0,First,#,ParcelsDevCategory,sfvalue_re,-1,-1;sfvalue_co "sfvalue_co" true true false 8 Double 0 0,First,#,ParcelsDevCategory,sfvalue_co,-1,-1;value_res "value_res" true true false 8 Double 0 0,First,#,ParcelsDevCategory,value_res,-1,-1;value_com "value_com" true true false 8 Double 0 0,First,#,ParcelsDevCategory,value_com,-1,-1;ParcelAcre "ParcelAcre" true true false 8 Double 0 0,First,#,ParcelsDevCategory,ParcelAcre,-1,-1;PieceAcres "PieceAcres" true true false 8 Double 0 0,First,#,ParcelsDevCategory,PieceAcres,-1,-1;PiecePorti "PiecePorti" true true false 8 Double 0 0,First,#,ParcelsDevCategory,PiecePorti,-1,-1;Acres "Acres" true true false 8 Double 0 0,First,#,ParcelsDevCategory,Acres,-1,-1;BldAge "BldAge" true true false 8 Double 0 0,First,#,ParcelsDevCategory,BldAge,-1,-1;ValuePerAcre "ValuePerAcre" true true false 8 Double 0 0,First,#,ParcelsDevCategory,ValuePerAcre,-1,-1;acres_res "acres_res" true true false 8 Double 0 0,First,#,ParcelsDevCategory,acres_res,-1,-1;acres_com "acres_com" true true false 8 Double 0 0,First,#,ParcelsDevCategory,acres_com,-1,-1;ClassDescription "ClassDescription" true true false 52 Text 0 0,First,#,ParcelsDevCategory,ClassDescription,0,52;SFSplitRes "SFSplitRes" true true false 8 Double 0 0,First,#,ParcelsDevCategory,SFSplitRes,-1,-1;SFSplitCom "SFSplitCom" true true false 8 Double 0 0,First,#,ParcelsDevCategory,SFSplitCom,-1,-1;CapacityRes_DUA "CapacityRes_DUA" true true false 4 Long 0 0,First,#,ParcelsDevCategory,CapacityRes_DUA,-1,-1;CapacityCom_FAR "CapacityCom_FAR" true true false 4 Long 0 0,First,#,ParcelsDevCategory,CapacityCom_FAR,-1,-1;SFperHH "SFperHH" true true false 4 Long 0 0,First,#,ParcelsDevCategory,SFperHH,-1,-1;SFperEmp "SFperEmp" true true false 4 Long 0 0,First,#,ParcelsDevCategory,SFperEmp,-1,-1;PercentOpenSpace "PercentOpenSpace" true true false 8 Double 0 0,First,#,ParcelsDevCategory,PercentOpenSpace,-1,-1;RedevValuePerAcreRes "RedevValuePerAcreRes" true true false 4 Long 0 0,First,#,ParcelsDevCategory,RedevValuePerAcreRes,-1,-1;RedevValuePerAcreCom "RedevValuePerAcreCom" true true false 4 Long 0 0,First,#,ParcelsDevCategory,RedevValuePerAcreCom,-1,-1;RedevAndOr "RedevAndOr" true true false 6 Text 0 0,First,#,ParcelsDevCategory,RedevAndOr,0,6;RedevBldgAgeRes_Low "RedevBldgAgeRes_Low" true true false 4 Long 0 0,First,#,ParcelsDevCategory,RedevBldgAgeRes_Low,-1,-1;RedevBldgAgeRes_High "RedevBldgAgeRes_High" true true false 4 Long 0 0,First,#,ParcelsDevCategory,RedevBldgAgeRes_High,-1,-1;RedevBldgAgeCom_Low "RedevBldgAgeCom_Low" true true false 4 Long 0 0,First,#,ParcelsDevCategory,RedevBldgAgeCom_Low,-1,-1;RedevBldgAgeCom_High "RedevBldgAgeCom_High" true true false 4 Long 0 0,First,#,ParcelsDevCategory,RedevBldgAgeCom_High,-1,-1;ClassOrder "ClassOrder" true true false 4 Long 0 0,First,#,ParcelsDevCategory,ClassOrder,-1,-1;DevCategory "DevCategory" true true false 26 Text 0 0,First,#,ParcelsDevCategory,DevCategory,0,26;DevCategoryAge "DevCategoryAge" true true false 26 Text 0 0,First,#,ParcelsDevCategory,DevCategoryAge,0,26;DevCategoryValue "DevCategoryValue" true true false 26 Text 0 0,First,#,ParcelsDevCategory,DevCategoryValue,0,26" #</Process><Process ToolSource="c:\program files\arcgis\pro\Resources\ArcToolbox\toolboxes\Data Management Tools.tbx\DeleteField" Date="20210804" Time="165234">DeleteField ParcelsDevCategory FID_Analys</Process><Process ToolSource="c:\program files\arcgis\pro\Resources\ArcToolbox\toolboxes\Data Management Tools.tbx\UpdateSchema" Date="20210804" Time="165330">UpdateSchema "CIMDATA=&lt;CIMStandardDataConnection xsi:type='typens:CIMStandardDataConnection' xmlns:xsi='http://www.w3.org/2001/XMLSchema-instance' xmlns:xs='http://www.w3.org/2001/XMLSchema' xmlns:typens='http://www.esri.com/schemas/ArcGIS/2.8.0'&gt;&lt;WorkspaceConnectionString&gt;DATABASE=E:\GitHub\Centers-Capacity-Tool-byCity\intermediate&lt;/WorkspaceConnectionString&gt;&lt;WorkspaceFactory&gt;Shapefile&lt;/WorkspaceFactory&gt;&lt;Dataset&gt;ParcelsDevCategory&lt;/Dataset&gt;&lt;DatasetType&gt;esriDTFeatureClass&lt;/DatasetType&gt;&lt;/CIMStandardDataConnection&gt;" &lt;operationSequence&gt;&lt;workflow&gt;&lt;DeleteField&gt;&lt;field_name&gt;FID_&lt;/field_name&gt;&lt;field_name&gt;Shape_Le_1&lt;/field_name&gt;&lt;field_name&gt;AreaID&lt;/field_name&gt;&lt;field_name&gt;ClassID&lt;/field_name&gt;&lt;field_name&gt;FID_Parcel&lt;/field_name&gt;&lt;field_name&gt;parcel_id_&lt;/field_name&gt;&lt;field_name&gt;basebldg&lt;/field_name&gt;&lt;field_name&gt;parcel_sqf&lt;/field_name&gt;&lt;field_name&gt;parcel_acr&lt;/field_name&gt;&lt;field_name&gt;county_id&lt;/field_name&gt;&lt;field_name&gt;max_dua&lt;/field_name&gt;&lt;field_name&gt;max_far&lt;/field_name&gt;&lt;field_name&gt;max_height&lt;/field_name&gt;&lt;field_name&gt;luTypeEx&lt;/field_name&gt;&lt;field_name&gt;max_dua_ce&lt;/field_name&gt;&lt;field_name&gt;max_far_ce&lt;/field_name&gt;&lt;field_name&gt;bldgtype&lt;/field_name&gt;&lt;field_name&gt;yearbuilt&lt;/field_name&gt;&lt;field_name&gt;resunits&lt;/field_name&gt;&lt;field_name&gt;job_spaces&lt;/field_name&gt;&lt;field_name&gt;sf_res&lt;/field_name&gt;&lt;field_name&gt;sf_com&lt;/field_name&gt;&lt;field_name&gt;sfvalue_re&lt;/field_name&gt;&lt;field_name&gt;sfvalue_co&lt;/field_name&gt;&lt;field_name&gt;value_res&lt;/field_name&gt;&lt;field_name&gt;value_com&lt;/field_name&gt;&lt;field_name&gt;ParcelAcre&lt;/field_name&gt;&lt;field_name&gt;PieceAcres&lt;/field_name&gt;&lt;field_name&gt;PiecePorti&lt;/field_name&gt;&lt;field_name&gt;Acres&lt;/field_name&gt;&lt;field_name&gt;BldAge&lt;/field_name&gt;&lt;field_name&gt;ValuePerAc&lt;/field_name&gt;&lt;field_name&gt;acres_res&lt;/field_name&gt;&lt;field_name&gt;acres_com&lt;/field_name&gt;&lt;field_name&gt;ClassDescr&lt;/field_name&gt;&lt;field_name&gt;SFSplitRes&lt;/field_name&gt;&lt;field_name&gt;SFSplitCom&lt;/field_name&gt;&lt;field_name&gt;CapacityRe&lt;/field_name&gt;&lt;field_name&gt;CapacityCo&lt;/field_name&gt;&lt;field_name&gt;SFperHH&lt;/field_name&gt;&lt;field_name&gt;SFperEmp&lt;/field_name&gt;&lt;field_name&gt;PercentOpe&lt;/field_name&gt;&lt;field_name&gt;RedevValue&lt;/field_name&gt;&lt;field_name&gt;RedevVal_1&lt;/field_name&gt;&lt;field_name&gt;RedevAndOr&lt;/field_name&gt;&lt;field_name&gt;RedevBldgA&lt;/field_name&gt;&lt;field_name&gt;RedevBld_1&lt;/field_name&gt;&lt;field_name&gt;RedevBld_2&lt;/field_name&gt;&lt;field_name&gt;RedevBld_3&lt;/field_name&gt;&lt;field_name&gt;ClassOrder&lt;/field_name&gt;&lt;/DeleteField&gt;&lt;/workflow&gt;&lt;/operationSequence&gt;</Process><Process ToolSource="c:\program files\arcgis\pro\Resources\ArcToolbox\toolboxes\Data Management Tools.tbx\DeleteField" Date="20210804" Time="165341">DeleteField ParcelsDevCategory DevCateg_1</Process><Process ToolSource="c:\program files\arcgis\pro\Resources\ArcToolbox\toolboxes\Data Management Tools.tbx\DeleteField" Date="20210804" Time="165344">DeleteField ParcelsDevCategory DevCateg_2</Process><Process ToolSource="c:\program files\arcgis\pro\Resources\ArcToolbox\toolboxes\Data Management Tools.tbx\DeleteField" Date="20210804" Time="165355">DeleteField ParcelsDevCategory Shape_Area</Process><Process ToolSource="c:\program files\arcgis\pro\Resources\ArcToolbox\toolboxes\Data Management Tools.tbx\DeleteField" Date="20210804" Time="165359">DeleteField ParcelsDevCategory Shape_Leng</Process><Process ToolSource="c:\program files\arcgis\pro\Resources\ArcToolbox\toolboxes\Data Management Tools.tbx\DeleteField" Date="20210804" Time="165405">DeleteField ParcelsDevCategory parcel_id</Process><Process ToolSource="c:\program files\arcgis\pro\Resources\ArcToolbox\toolboxes\Cartography Tools.tbx\SimplifyPolygon" Date="20210804" Time="165503">SimplifyPolygon ParcelsDevCategory E:\GitHub\Centers-Capacity-Tool-byCity\intermediate\WFParcelsDevCategory.shp "Retain critical points (Douglas-Peucker)" "1 Meters" "0 SquareMeters" RESOLVE_ERRORS KEEP_COLLAPSED_POINTS #</Process><Process ToolSource="c:\program files\arcgis\pro\Resources\ArcToolbox\toolboxes\Data Management Tools.tbx\Dissolve" Date="20210804" Time="165612">Dissolve WFParcelsDevCategory E:\GitHub\Centers-Capacity-Tool-byCity\intermediate\WFParcelsDevCategory_Dissolve.shp DevCategor # MULTI_PART DISSOLVE_LINES</Process><Process ToolSource="c:\program files\arcgis\pro\Resources\ArcToolbox\toolboxes\Data Management Tools.tbx\UpdateSchema" Date="20210805" Time="084404">UpdateSchema "CIMDATA=&lt;CIMStandardDataConnection xsi:type='typens:CIMStandardDataConnection' xmlns:xsi='http://www.w3.org/2001/XMLSchema-instance' xmlns:xs='http://www.w3.org/2001/XMLSchema' xmlns:typens='http://www.esri.com/schemas/ArcGIS/2.8.0'&gt;&lt;WorkspaceConnectionString&gt;DATABASE=E:\GitHub\Centers-Capacity-Tool-byCity\intermediate&lt;/WorkspaceConnectionString&gt;&lt;WorkspaceFactory&gt;Shapefile&lt;/WorkspaceFactory&gt;&lt;Dataset&gt;WFParcelsDevCategory_Dissolve&lt;/Dataset&gt;&lt;DatasetType&gt;esriDTFeatureClass&lt;/DatasetType&gt;&lt;/CIMStandardDataConnection&gt;" &lt;operationSequence&gt;&lt;workflow&gt;&lt;AddField&gt;&lt;field_name&gt;DevCat&lt;/field_name&gt;&lt;field_type&gt;TEXT&lt;/field_type&gt;&lt;field_length&gt;255&lt;/field_length&gt;&lt;field_is_nullable&gt;False&lt;/field_is_nullable&gt;&lt;field_is_required&gt;False&lt;/field_is_required&gt;&lt;/AddField&gt;&lt;/workflow&gt;&lt;/operationSequence&gt;</Process><Process ToolSource="c:\program files\arcgis\pro\Resources\ArcToolbox\toolboxes\Data Management Tools.tbx\DeleteField" Date="20210805" Time="084444">DeleteField WFParcelsDevCategory_Dissolve DevCategor</Process></lineage><itemProps><itemName Sync="TRUE">WFParcelsDevCategory_Dissolve</itemName><imsContentType Sync="TRUE">002</imsContentType><itemSize Sync="TRUE">0.000</itemSize><itemLocation><linkage Sync="TRUE">file://\\I7-088629\E$\GitHub\Centers-Capacity-Tool-byCity\intermediate\WFParcelsDevCategory_Dissolve.shp</linkage><protocol Sync="TRUE">Local Area Network</protocol></itemLocation></itemProps><coordRef><type Sync="TRUE">Projected</type><geogcsn Sync="TRUE">GCS_North_American_1983</geogcsn><csUnits Sync="TRUE">Linear Unit: Meter (1.000000)</csUnits><projcsn Sync="TRUE">NAD_1983_UTM_Zone_12N</projcsn><peXml Sync="TRUE">&lt;ProjectedCoordinateSystem xsi:type='typens:ProjectedCoordinateSystem' xmlns:xsi='http://www.w3.org/2001/XMLSchema-instance' xmlns:xs='http://www.w3.org/2001/XMLSchema' xmlns:typens='http://www.esri.com/schemas/ArcGIS/2.8.0'&gt;&lt;WKT&gt;PROJCS[&amp;quot;NAD_1983_UTM_Zone_12N&amp;quot;,GEOGCS[&amp;quot;GCS_North_American_1983&amp;quot;,DATUM[&amp;quot;D_North_American_1983&amp;quot;,SPHEROID[&amp;quot;GRS_1980&amp;quot;,6378137.0,298.257222101]],PRIMEM[&amp;quot;Greenwich&amp;quot;,0.0],UNIT[&amp;quot;Degree&amp;quot;,0.0174532925199433]],PROJECTION[&amp;quot;Transverse_Mercator&amp;quot;],PARAMETER[&amp;quot;False_Easting&amp;quot;,500000.0],PARAMETER[&amp;quot;False_Northing&amp;quot;,0.0],PARAMETER[&amp;quot;Central_Meridian&amp;quot;,-111.0],PARAMETER[&amp;quot;Scale_Factor&amp;quot;,0.9996],PARAMETER[&amp;quot;Latitude_Of_Origin&amp;quot;,0.0],UNIT[&amp;quot;Meter&amp;quot;,1.0],AUTHORITY[&amp;quot;EPSG&amp;quot;,26912]]&lt;/WKT&gt;&lt;XOrigin&gt;-5120900&lt;/XOrigin&gt;&lt;YOrigin&gt;-9998100&lt;/YOrigin&gt;&lt;XYScale&gt;450445547.3910538&lt;/XYScale&gt;&lt;ZOrigin&gt;-100000&lt;/ZOrigin&gt;&lt;ZScale&gt;10000&lt;/ZScale&gt;&lt;MOrigin&gt;-100000&lt;/MOrigin&gt;&lt;MScale&gt;10000&lt;/MScale&gt;&lt;XYTolerance&gt;0.001&lt;/XYTolerance&gt;&lt;ZTolerance&gt;0.001&lt;/ZTolerance&gt;&lt;MTolerance&gt;0.001&lt;/MTolerance&gt;&lt;HighPrecision&gt;true&lt;/HighPrecision&gt;&lt;WKID&gt;26912&lt;/WKID&gt;&lt;LatestWKID&gt;26912&lt;/LatestWKID&gt;&lt;/ProjectedCoordinateSystem&gt;</peXml></coordRef></DataProperties><SyncDate>20210804</SyncDate><SyncTime>16560700</SyncTime><ModDate>20210804</ModDate><ModTime>16560700</ModTime></Esri><dataIdInfo><envirDesc Sync="TRUE">Microsoft Windows 10 Version 10.0 (Build 19043) ; Esri ArcGIS 12.8.0.29751</envirDesc><dataLang><languageCode value="eng" Sync="TRUE"></languageCode><countryCode value="USA" Sync="TRUE"></countryCode></dataLang><idCitation><resTitle Sync="TRUE">WFParcelsDevCategory_Dissolve</resTitle><presForm><PresFormCd value="005" Sync="TRUE"></PresFormCd></presForm></idCitation><spatRpType><SpatRepTypCd value="001" Sync="TRUE"></SpatRepTypCd></spatRpType></dataIdInfo><mdLang><languageCode value="eng" Sync="TRUE"></languageCode><countryCode value="USA" Sync="TRUE"></countryCode></mdLang><distInfo><distFormat><formatName Sync="TRUE">Shapefile</formatName></distFormat><distTranOps><transSize Sync="TRUE">0.000</transSize></distTranOps></distInfo><mdHrLv><ScopeCd value="005" Sync="TRUE"></ScopeCd></mdHrLv><mdHrLvName Sync="TRUE">dataset</mdHrLvName><refSysInfo><RefSystem><refSysID><identCode code="26912" Sync="TRUE"></identCode><idCodeSpace Sync="TRUE">EPSG</idCodeSpace><idVersion Sync="TRUE">6.11(3.0.1)</idVersion></refSysID></RefSystem></refSysInfo><spatRepInfo><VectSpatRep><geometObjs Name="WFParcelsDevCategory_Dissolve"><geoObjTyp><GeoObjTypCd value="002" Sync="TRUE"></GeoObjTypCd></geoObjTyp><geoObjCnt Sync="TRUE">0</geoObjCnt></geometObjs><topLvl><TopoLevCd value="001" Sync="TRUE"></TopoLevCd></topLvl></VectSpatRep></spatRepInfo><spdoinfo><ptvctinf><esriterm Name="WFParcelsDevCategory_Dissolve"><efeatyp Sync="TRUE">Simple</efeatyp><efeageom code="4" Sync="TRUE"></efeageom><esritopo Sync="TRUE">FALSE</esritopo><efeacnt Sync="TRUE">0</efeacnt><spindex Sync="TRUE">FALSE</spindex><linrefer Sync="TRUE">FALSE</linrefer></esriterm></ptvctinf></spdoinfo><eainfo><detailed Name="WFParcelsDevCategory_Dissolve"><enttyp><enttypl Sync="TRUE">WFParcelsDevCategory_Dissolve</enttypl><enttypt Sync="TRUE">Feature Class</enttypt><enttypc Sync="TRUE">0</enttypc></enttyp><attr><attrlabl Sync="TRUE">FID</attrlabl><attalias Sync="TRUE">FID</attalias><attrtype Sync="TRUE">OID</attrtype><attwidth Sync="TRUE">4</attwidth><atprecis Sync="TRUE">0</atprecis><attscale Sync="TRUE">0</attscale><attrdef Sync="TRUE">Internal feature number.</attrdef><attrdefs Sync="TRUE">Esri</attrdefs><attrdomv><udom Sync="TRUE">Sequential unique whole numbers that are automatically generated.</udom></attrdomv></attr><attr><attrlabl Sync="TRUE">Shape</attrlabl><attalias Sync="TRUE">Shape</attalias><attrtype Sync="TRUE">Geometry</attrtype><attwidth Sync="TRUE">0</attwidth><atprecis Sync="TRUE">0</atprecis><attscale Sync="TRUE">0</attscale><attrdef Sync="TRUE">Feature geometry.</attrdef><attrdefs Sync="TRUE">Esri</attrdefs><attrdomv><udom Sync="TRUE">Coordinates defining the features.</udom></attrdomv></attr><attr><attrlabl Sync="TRUE">DevCategor</attrlabl><attalias Sync="TRUE">DevCategor</attalias><attrtype Sync="TRUE">String</attrtype><attwidth Sync="TRUE">26</attwidth><atprecis Sync="TRUE">0</atprecis><attscale Sync="TRUE">0</attscale></attr></detailed></eainfo><mdDateSt Sync="TRUE">20210804</mdDateSt></metadata>
